date,title,link,content
2024-02-28 04:00:00,아침기온 -4~4도 일교차 커…미세먼지 '좋음'[오늘날씨],https://n.news.naver.com/mnews/article/003/0012396392?sid=102,"[
전국 가끔 구름 많아…영남 내륙 '안개'서울 2도, 대전 0도, 광주 2도, 부산 3도



[서귀포=뉴시스] 우장호 기자 = 흐린 날씨를 보인 지난 25일 오후 제주 서귀포시 이중섭미술관 인근 거리에 목련꽃이 활짝 피어 시선을 끌고 있다. 2024.02.25. woo1223@newsis.com[서울=뉴시스]김래현 기자 = 수요일인 28일은 고기압 가장자리 영향권에 들며 전국 대부분 지역 아침 기온이 0도를 오르내리는 가운데 일교차가 10도 이상으로 크겠다.기상청은 이날 ""아침 기온은 평년(최저기온 -5~4도)과 비슷하거나 조금 높겠으나, 전국 대부분 지역에서 0도 이하로 낮아 춥겠다""며 ""낮 기온은 평년(최고기온 7~12도)과 비슷하거나 조금 낮겠다""고 예보했다.아침 최저기온은 -4~4도, 낮 최고기온은 7~13도를 오르내리겠다.주요 지역 아침 최저기온은 서울 2도, 인천 3도, 수원 1도, 춘천 -2도, 강릉 -2도, 청주 2도, 대전 0도, 전주 1도, 광주 2도, 대구 -1도, 부산 3도, 제주 7도다.낮 최고기온은 서울 9도, 인천 8도, 수원 9도, 춘천 8도, 강릉 9도, 청주 10도, 대전 11도, 전주 12도, 광주 13도, 대구 11도, 부산 13도, 제주 13도다.전국이 가끔 구름 많겠으나, 강원영동과 경북동해안은 대체로 흐리겠다. 이른 새벽부터 아침 사이 경상권내륙에는 가시거리 1㎞ 미만 안개가 끼는 곳이 있겠다.동해중부바깥먼바다와 동해남부먼바다, 남해동부먼바다, 남해서부서쪽먼바다, 제주도남쪽먼바다에는 아침까지 바람이 초속 10~16m로 강하게 불고 물결도 2~4m로 높게 일겠다.당분간 강원동해안과 경상권해안에는 너울에 의한 높은 물결이 갯바위나 방파제를 넘는 곳이 있겠다.미세먼지는 원활한 대기 확산으로 전국이 '좋음'에서 '보통' 수준으로 예상된다．
]"
2024-02-29 08:22:01,"MBC, 미세먼지 뉴스에 ‘파란색1’…국힘  “노골 선거운동” 방심위 제소",https://n.news.naver.com/mnews/article/021/0002623919?sid=100,"[




지난 27일 MBC 뉴스데스크 날씨정보 보도 화면. 사진 MBC 뉴스데스크 캡처  국민의힘이 28일 MBC가 뉴스에서 날씨를 전하는 도중 더불어민주당을 연상시키는 파란색 숫자 ‘1’ 그래픽을 사용한 것에 대해 방송통신심의위원회에 제소했다. 전날 저녁 MBC 뉴스는 기상캐스터가 미세먼지 농도가 1이었다는 것을 파란색 숫자 1을 통해 표현했다.박정하 국민의힘 수석대변인은 논평을 통해 “선거운동은 아직 시작되지 않았지만 공영방송에서 나온 미세먼지 보도가 선거 캠페인 논란의 도마 위에 올랐다”면서 “대뜸 기상 캐스터만한 크기의 파란색 숫자 1이 등장하더니 연신 숫자 ‘1’을 외쳤다”고 말했다.이어 “선거를 코앞에 두고 나타난 파란색 숫자 ‘1’은 누가 보더라도 무언가를 연상하기에 충분해 보인다”면서 “오죽하면 온라인상에서 빠르게 퍼지며 사전선거운동이 아니냐는 의혹까지 불거졌겠나”고 덧붙였다.그는 “공영방송으로서의 논란은 더 있다”면서 “유독 MBC에서만 한동훈 비대위원장의 행사 영상은 군집한 인파가 등장하지 않고 클로즈업된 사진만 보인다는 지적”이라고 주장했다.특히 국민의힘은 해당 보도가 선거방송 심의규정 제5조(공정성) 제2항, 제12조(사실보도) 제1항을 위반했다고 주장했다. 파란색 숫자 ‘1’은 지난 27일 MBC 저녁 뉴스 말미 기상 캐스터가 당일 미세먼지 농도가 1이었다고 전하는 과정에서 등장했다. 이 캐스터는 숫자를 가리키거나 손가락으로 숫자 1을 만들어 보이면서 “지금 제 옆에는 키보다 더 큰 1이 있다. 1, 오늘 서울은 1이었다. 미세먼지 농도가 1까지 떨어졌다”고 말했다.
]"
2024-02-27 10:00:03,초미세먼지 위기경보 시 임산부·호흡기환자 탄력근무 권고,https://n.news.naver.com/mnews/article/001/0014529412?sid=102,"[
정부, 봄철 고농도 미세먼지 총력대응방안 발표가동 정지 석탄화력발전기 15기→28기로 증가 



서울에 초미세먼지 주의보가 발령된 12일 오전 서울 종로구 광화문네거리 인근 건물이 뿌옇게 보인다. [연합뉴스 자료사진]    (서울=연합뉴스) 이재영 기자 = 27일부터 미세먼지가 매우 짙은 상황이 지속하면 임산부와 호흡기 질환자 재택근무가 권고된다.    정부는 봄철 고농도 미세먼지 총력대응방안을 27일 발표했다.     정부는 연중 초미세먼지 농도가 가장 높은 3월에 맞춰 미세먼지 계절관리제 기간(12월부터 이듬해 3월까지) 시행하는 미세먼지 저감책을 한층 강화해 총력대응방안이라는 이름으로 시행해왔다.    2016∼2023년 평균 3월 초미세먼지 농도는 27.7㎍/㎥로 미세먼지가 짙은 계절인 겨울철 다른 달들보다 높다. 2016~2023년 평균 12월 초미세먼지 농도는 24.2㎍/㎥이고 1월과 2월은 26.7㎍/㎥와 27.1㎍/㎥이다.     초미세먼지 수준이 '나쁨' 이상인 날도 3월은 평균 9일로 12월(5일)·1월(7일)·2월(7일)보다 많다.    특히 올해 3월은 주로 고기압에 영향받아 기온이 평년보다 높고 대기가 정체해 미세먼지가 짙은 상황이 자주 발생할 것으로 예상된다고 환경부는 밝혔다.     이번 총력 대응 방안엔 '관심' 단계 초미세먼지 위기경보가 발령된 상태가 이틀 이상 지속하거나 '주의' 이상의 경보가 발령된 경우 임산부와 호흡기 질환자 등 민감·취약계층 탄력적 근무를 적극적으로 권고한다는 방침이 담겼다.     '관심-주의-경계-심각' 4단계인 미세먼지 위기경보가 발령되면 통상 비상저감조치가 시행된다. 서울 기준 연도별 비상저감조치 시행 횟수는 2019년 14회, 2020년 2회, 2021년 6회, 2022년 3회, 2023년 6회다.



초미세먼지 위기경보 발령 기준. [환경부 제공. 재판매 및 DB 금지]    앞서 정부 미세먼지특별대책위원회에서 고농도 미세먼지 비상저감조치 시행 시 시·도지사가 사업장에 탄력적 근무제 시행, 학교에 휴업 또는 수업 시간 단축을 권고할 수 있게 한 규정을 적극적으로 활용하는 방안이 논의되는 것으로 알려지면서 관심을 끌었다.    그러나 이날 발표된 방침은 '민감·취약계층 탄력적 근무 권고'에 그쳤다.     탄력적 근무는 시차출퇴근, 재택근무, 시간제 근무 등을 말한다.     환경부 관계자는 ""애초 임산부 등 민감·취약계층이 고농도 미세먼지에 덜 노출되게 하자는 차원에서 탄력적 근무 권고가 논의됐다""라면서 ""임산부 등은 이미 탄력적 근무 대상인 경우가 많아 권고의 실효성이 클 것""이라고 설명했다.     총력대응방안에 따라 신학기를 앞둔 학교 실내 공기 질 전수 점검이 이뤄진다.     지하 역사와 철도역 대기실, 공항 등 다중이용시설 습식 청소는 하루 3회 이상, 오염도가 높거나 교통량이 많은 도로 청소차 운행은 하루 최대 4회로 확대된다.     가동을 정지하는 공공 석탄화력발전소 발전기는 28기로 기존(15기)보다 늘린다.    지난 미세먼지 계절관리제 기간에도 봄철에 들어서면 겨울철보다 가동 정지 발전기를 늘렸다. 날씨가 따뜻해지면서 난방수요가 줄어드는 점을 반영하는 것이다.    본격적인 농사철에 접어드는 만큼 영농폐기물 불법소각 예방 차원에서 폐기물 집중 수거가 이뤄진다. 영농잔재물 파쇄지원단도 운영된다.    부산·인천·여수광양·울산 등 4대 항만에선 출입차량 제한속도(시속 10~40㎞) 준수 캠페인이 진행된다.     연료유 내 황 함유량 단속 선박은 월 173척에서 200척으로 확대된다.    초미세먼지와 원인물질 다량 배출 사업장 감축목표 이행 상황 점검, 불법배출 단속, 대형 경유 차와 버스 배출가스와 공회전 단속은 강화된다.



    jylee24@yna.co.kr
]"
2024-02-29 05:51:01,"MBC, 미세먼지 소식 전하며 뜬금없이 ‘파란색 1’… 방심위 제소당했다",https://n.news.naver.com/mnews/article/023/0003819426?sid=100,"[
국힘 “노골적 불법 선거방송”



MBC 뉴스데스크가 날씨 소식을 전하며 서울의 미세먼지 농도를 파란색 숫자 '1'로 크게 표시했다. /MBC 방송화면 캡처										국민의힘이 날씨 소식을 전하며 서울의 미세먼지 농도를 파란색 숫자 ‘1′로 크게 표시해 더불어민주당을 연상시켰다는 의혹이 인 MBC를 방송통신심의위원회에 제소했다.국민의힘은 28일 MBC가 선거방송심의규정을 위반했다며 방송통신심의위원회에 제소했다. 문제가 된 보도는 지난 27일 저녁 MBC 뉴스테스크의 날씨 보도에서 기상 캐스터가 서울의 미세먼지 농도 수치를 알리던 중 화면에 큰 파란색 숫자 ‘1′를 띄운 장면이었다.기상캐스터는 “제 옆에는 키보다 더 큰 1이 있다. 1″이라며 “오늘 서울은 1이었다. 미세먼지 농도가 1까지 떨어졌다”고 말했다. 그는 검지손가락을 세워 ‘1′을 강조했고, 이 과정에서 1은 네 번 언급됐다.이번 총선에서도 국회 의석 수가 가장 많은 더불어민주당 소속 후보들이 ‘기호 1번’을 가져간다. 파란색은 민주당의 상징색이다.국민의힘은 해당 보도가 선거방송 심의규정 제5조(공정성) 제2항, 제12조(사실보도) 제1항을 위반했다고 주장했다. 국민의힘 측은 “민주당의 상징색인 파란색과 정당기호 ‘1′을 부자연스러울 정도로 부각한 것은 노골적인 불법 선거운동”이라고 했다.박정하 수석대변인은 28일 논평에서 “선거를 코앞에 두고 나타난 파란색 숫자 ‘1′은 누가 보더라도 무언가를 연상하기에 충분해 보인다”며 “오죽하면 온라인상에서 빠르게 퍼지며 사전선거운동이 아니냐는 의혹까지 불거졌겠나”라고 했다.MBC 제3노조도 입장문을 통해 “큰 파란색 숫자 1은 민주당의 상징색으로 기호 1번을 표현하는 듯했다”며 “기상캐스터의 손짓 1은 선거방송인지 날씨 예보인지 모를 정도의 혼동을 일으켰다”고 했다.이들은 “서울시 대기환경정보 담당자에게 확인한 결과, 서울의 미세먼지 농도는 ‘1′을 가리킨 적이 없었다”며 “강동구의 새벽 1시 ‘초미세먼지’ 농도가 ‘1′을 가리킨 적은 있으나, 서울 중심권 27일의 미세먼지 농도는 세제곱미터당 18마이크로그램, 초미세먼지 농도는 세제곱미터당 11마이크로그램이었다”고 했다.또 “새벽 1시에 특정 지역의 초미세먼지 농도를 미세먼지 농도라고 표현하면서 강조해서 쓸 이유가 있었냐”며 “방송에서 미세먼지 농도를 예보할 때는 보통 ‘좋음’, ‘보통’, ‘나쁨’, ‘매우 나쁨’ 등으로 표현하지 숫자로 예보하지 않는다”고 했다.
]"
2024-02-28 12:00:00,"초미세먼지, 하천수위, 소음 정보 한눈에…'우리동네 환경정보' 오픈",https://n.news.naver.com/mnews/article/421/0007380048?sid=101,"[
환경부 산하기관에 흩어진 생활 환경정보 통합 제공



'우리동네 환경정보' 위젯 설정 모습(세종=뉴스1) 심언기 기자 = 환경부는 초미세먼지 등의 대기질, 하천의 수질·수위, 날씨 등의 환경정보를 한곳에서 쉽고 편리하게 확인할 수 있는 '우리동네 환경정보'를 2월 29일부터 운영한다고 28일 밝혔다.'우리동네 환경정보'는 여러 사이트에 흩어져 있던 생활 환경정보를 통합해 제공한다. 정부가 제공하는 생활 환경정보는 환경부와 산하기관이 운영하는 여러 사이트에서 별개로 제공해 일일이 따로 접속해야 하는 번거로움이 있었다. 현재 초미세먼지 농도는 한국환경공단이 관리하는 '에어코리아'에서, 하천 및 댐 수위는 '한강홍수통제소' 누리집에서 확인해야 했다.환경부는 이에 디지털 플랫폼 정부 구현에 맞춰 각종 환경정보 데이터를 한 사이트에서 사용자 위치에 기반해 제공하는 '우리동네 환경정보'를 구축하고 지난해 말부터 시범 운영을 시작했다.두 달여 간의 시범 운영을 끝내고 정식 운영에 들어가는 '우리동네 환경정보'는 사용자가 편리하게 이용할 수 있도록 필요한 환경정보를 골라 하나의 화면에 구성(위젯 기능)하고, 원하는 정보를 지도 기반 인포그래픽으로 시각화하여 받을 수 있도록 했다.제공되는 환경정보는 총 24개로 △기후대기(대기측정소 및 초미세먼지, 미세먼지, 오존 농도 등) △물관리(수질측정망 지점별 수질정보, 수위관측소별 수위 및 유량 등) △자연보전(야생동물질병 현황, 녹지 면적비율 등) △환경보건(환경소음측정소별 소음측정정보 등) △기타(긴급경보공지)로 구성됐다.손옥주 환경부 기획조정실장은 ""이번 우리동네 환경정보는 사용자의 위치에 기반한 각종 환경정보를 한데 모아서 제공하기 때문에 국민의 만족도와 편리함을 동시에 충족시킬 수 있다""라며 ""앞으로도 맞춤형 정보 제공을 확대해 디지털 플랫폼 정부 정책 구현에 일조하겠다""라고 밝혔다.
		]"
2024-02-28 19:56:57,"MBC, 미세먼지 보도에 파란색 숫자 '1' 강조…與 ""불법 선거운동"" 제소",https://n.news.naver.com/mnews/article/448/0000449631?sid=100,"[




2월 27일 MBC 뉴스데스크 날씨에 등장한 파란색 '1' /MBC 캡처 공영방송 MBC가 서울의 미세먼지 농도를 보도하는 과정에서 파란색 숫자 '1' 그래픽을 사용한 것에 대해 국민의힘이 ""노골적인 선거운동""이라며 28일 방송통신심의위원회에 제소했다.국민의힘은 해당 보도가 선거방송 심의규정 제5조(공정성) 제2항, 제12조(사실보도) 제1항을 위반했다고 주장했다.국민의힘 박정하 수석대변인은 논평을 통해 ""선거를 코앞에 두고 나타난 파란색 숫자 '1'은 누가 보더라도 무언가를 연상하기에 충분해 보인다""며 ""온라인상에서 빠르게 퍼지며 사전 선거운동이 아니냐는 의혹까지 불거졌다""라고 지적했다.선거가 임박했는데 민주당의 상징색인 파란색과 민주당의 정당 기호인 숫자 1을 부각한 게 문제란 지적이다.문제의 파란색 숫자 '1'은 기상 캐스터가 지난 27일 MBC 메인뉴스에서 미세먼지 농도가 1이란 걸 전하는 과정에서 등장했다.당시 기상캐스터는 숫자를 가리키거나 손가락으로 숫자 1을 만들어 보이며 ""지금 제 옆에는 키보다 더 큰 1이 있다. 1, 오늘 서울은 1이었다. 미세먼지 농도가 1까지 떨어졌다""고 말했다.MBC 노동조합(제3노조)은 이날 입장문을 내고 ""선거운동 방송으로 착각할 만큼 큰 파란색 숫자 1은 민주당의 상징색인 푸른색으로 기호 1번을 표현하는 듯했고, 기상캐스터의 손짓 1은 선거방송인지 날씨 예보인지 모를 정도의 혼동을 일으켰다""고 했다.또 제3노조는 보도와 달리 서울의 미세먼지 농도는 1을 가리킨 적이 없다고 주장했다.이들은 ""서울시 대기환경정보 담당자에게 확인했더니 어제 서울의 미세먼지 농도는 1을 가리킨 적이 없었다""며 ""강동구의 새벽 1시 '초미세먼지' 농도가 1을 가리킨 적은 있어도 서울 중심권 27일의 미세먼지 농도는 세제곱미터당 18마이크로그램이었고, 초미세먼지 농도는 세제곱미터당 11마이크로그램이었다""고 했다.이어 ""더욱 놀라운 것은 보통 방송에서 미세먼지 농도를 예보할 때는 '좋음', '보통', '나쁨', '매우 나쁨' 등 등급으로 표현하지 이처럼 숫자로 예보하지 않는다는 점""이라고 덧붙였다.
		]"
2024-02-28 07:22:01,"“미세먼지 심하네? 재택하세요”…정부가 탄력근무 권한다는데, 누구?",https://n.news.naver.com/mnews/article/009/0005264809?sid=101,"[
석탄화력발전 가동정지 15기→28기로 늘리고학교 공기질 전수점검, 공공장소 물청소 확대



 [사진 = 연합뉴스]올봄 미세먼지가 위험 수위를 넘을 경우 정부가 기업들에 임산부나 호흡기 질환자들이 재택근무를 할 수 있도록 적극 권고하기로 했다. 지금도 시도지사가 탄력근무 권고를 할 수 있지만 한번도 시행된 적이 없는 만큼 정부가 나서 활성화하겠다는 것이다.정부는 “봄철 고농도 초미세먼지 발생에 대비하기 위해 3월 31일까지 관계부처 합동 총력 대응 체제를 가동한다”고 27일 밝혔다.통상 3월 초미세먼지 농도는 연중 가장 높다. 특히 올 3월은 기온이 평년보다 높고 고기압의 영향을 주로 받아 대기정체로 인한 고농도 초미세먼지가 자주 발생할 가능성이 크다. 환경부는 “지난 1~2월 중국 미세먼지 농도가 굉장히 높아 그 영향이 이어질 수 있을 것으로 보인다”고 설명했다.정부는 우선 초미세먼지 위기경보 ‘관심’ 단계가 이틀 이상 지속되거나 ‘주의’ 단계 이상이 발령될 때는 임산부와 호흡기 질환자 등 민감·취약계층의 재택근무나 시간제근무를 비롯한 탄력적 근무시행을 적극 권고하기로 했다. 올해부터는 취약계층을 대상으로 제도를 활성화하겠다는 취지다.이창흠 환경부 기후탄소정책실장은 “탄력근무와 관련해 별도의 재정 지원은 고려하고 있지 않다”면서도 “중소나 중견기업 대상으로 장려금 지원 제도를 활용할 가능성은 있다”고 말했다.또 겨울철에 비해 난방수요가 감소하는 것을 감안해 공공 석탄발전의 가동정지를 겨울철 15기에서 올봄 28기로 확대하기로 했다. 작년 봄 26기보다 가동정지 규모를 늘리는 것이다.신학기에 대비해 학교의 실내공기질을 전수 점검하기로 했다. 어린이집과 노인요양시설 이용자에게는 고농도 미세먼지 발생 시 행동요령을 안내한다. 지하철이나 철도 대합실은 환기·정화 시설을 점검하고 일 3회 이상 습식청소를 실시한다. 도로 청소차 운영은 하루 4회까지 확대한다.정부는 또 초미세먼지와 그 원인물질을 많이 배출하는 공장을 상대로 매주 배출량과 감축목표 이행 상황을 관리하고, 드론 등 첨단 감시장비를 활용해 불법배출 여부를 단속하기로 했다. 대형경유차와 도심내 이동이 잦은 버스에 대해서도 배출가스와 불법 공회전을 집중 단속한다.
]"
2024-02-29 04:34:00,[오늘 날씨] 충청 이남 '눈·비'… 밤부터 미세먼지 '나쁨',https://n.news.naver.com/mnews/article/417/0000985275?sid=103,"[




29일 전국이 흐리고 새벽부터 충청 이남 지역에는 비나 눈이 내일 가능성이 있다. 사진은 미세먼지 농도가 높아 뿌연 하늘의 모습. / 사진=뉴스1 29일 전국은 대체로 흐리고 새벽부터 남부 지방에 비가 내릴 것으로 보인다. 이번 비는 밤까지 제주 최대 40㎜, 내륙 최대 20㎜가 예상되고 눈으로 내릴 가능성도 있다.지난 28일 기상청에 따르면 29일 아침 최저기온은 영하 1~6도, 낮 최고기온은 5~9도로 기온은 평년(최저 영하 5~4도, 최고 7~12도)과 비슷할 것으로 보인다.주요 도시 예상 최저기온은 ▲서울 3도 ▲인천 3도 ▲춘천 0도 ▲강릉 3도 ▲대전 2도 ▲대구 2도 ▲전주 4도 ▲광주 4도 ▲부산 6도 ▲제주 9도 등이다. 낮 최고기온은 ▲서울 9도 ▲인천 7도 ▲춘천 9도 ▲강릉 8도 ▲대전 7도 ▲대구 8도 ▲전주 7도 ▲광주 7도 ▲부산 9도 ▲제주 9도 등이다.이날 새벽부터 제주와 충남 서해안, 전라 해안, 경남 남해안부터 비가 내리기 시작해 오전에는 그밖의 남부 지방과 충청권으로 확대될 전망이다. 비는 밤에 대부분 그칠 전망이다. 일부 지역에서는 눈이 내릴 가능성도 있다.예상 강수량은 제주에 10~40㎜, 전남에 5~20㎜, 전북 5㎜ 안팎, 부산·경남에 5~20㎜, 대구·경북에 5~10㎜, 울릉도·독도 5㎜ 안팎이다. 충청권에는 5㎜ 미만, 그중 충남 북부와 충북 북부에는 1㎜ 안팎의 비가 내릴 것으로 보인다.눈으로 내릴 경우 제주 산지에 3~10㎝, 경남 서부 내륙에 1~5㎝, 경북 북동 산지와 경북 남서 내륙에 1㎝ 안팎, 전남 동부 내륙과 전북 동부에 1~3㎝가 예상된다. 주로 저지대보다는 높은 산지에서 눈으로 내려 쌓일 가능성이 있다.오전부터 제주 남쪽 먼바다와 남해 동부 바깥 먼바다, 오후부터 제주 앞바다와 그 밖의 남해 먼바다, 서해 남부 남쪽 먼바다에는 시속 35~60㎞의 바람이 불어 물결이 2.0~4.0m로 높게 일 것으로 보인다. 이 지역들에는 풍랑 특보가 발표될 가능성도 있다. 오후부터 전국에 순간풍속 시속 55㎞ 이상의 강풍이 불 것으로 예측된다. 강원 동해안과 경상 해안에선 물결이 갯바위나 방파제를 넘는 곳이 있을 것으로 예상된다. 미세먼지는 대체로 '보통'이지만 수도권과 세종, 충남에서 밤에 일시적으로 '나쁨'으로 치솟을 것으로 예상된다. 환경부는 중국 등 국외 미세먼지가 유입돼 미세먼지 농도는 다소 높을 것으로 내다봤다.
]"
2024-02-27 08:00:06,"지난해 초미세먼지 농도, 7년 만에 역주행",https://n.news.naver.com/mnews/article/056/0011669884?sid=102,"[














 [앵커] 차츰 줄어들던 국내 초미세먼지 연평균 농도가 7년 만에 다시 증가한 것으로 확인됐습니다. 이렇게 미세먼지가 심상치 않은 조짐을 보이자 정부가 오늘(27일) 특별 저감 대책을 발표하는 등 총력 대응에 나서기로 했습니다. 이슬기 기자가 보도합니다. [리포트] 지난해 국내 초미세먼지 평균 농도는 세제곱미터당 18.3 마이크로그램을 기록했습니다. 환경부가 전국 5백여 곳의 대기관측망을 통해 측정한 결과입니다. 주목할 것은 초미세먼지 농도가 7년 만에 다시 증가했다는 점입니다. 초미세먼지는  2015년부터 공식적으로 농도를 측정했는데, 2016년부터 감소세에 있었습니다. 전문가들은 코로나19 팬데믹이 끝나면서 중국과 국내의 공장 가동 등이 늘어난 영향으로 보고 있습니다. 실제로 역대 가장 감소폭이 컸던 2020년은 코로나19가 전 세계로 퍼지던 때입니다. [우정헌/서울대 환경대학원 교수 : ""(코로나) 팬데믹에서 벗어나면서 사람들의 활동들이 많이 증가하고 있고요. 그리고 경제도 회복되면서 그것에 의한 초미세먼지 배출이 좀 더 증가하고 있는...""] 기상 환경의 변화도 원인 중 하나로 꼽힙니다. 2022년까지는 적도 인근의 저수온 현상으로 북서풍이 강해지면서 미세먼지가 잘 흩어졌는데, 지난해부터는 반대로 고수온 현상이 나타나 북서풍이 약해졌다는 겁니다. [정재인/서울대 지구환경과학부 연구교수 : ""엘니뇨(적도 고수온 현상) 때에는 상대적으로 바람이 약해져서 한반도 부근에 대기 정체 현상이 나타나고, 미세먼지 농도가 상대적으로 높게 나타나게 됩니다.""] 올해는 지난해보다 초미세먼지 농도가 더 높을 가능성이 커 정부에 비상이 걸렸습니다. 봄철 미세먼지 배출을 줄이기 위한 석탄 발전 축소 등의 대책을 오늘(27일) 발표할 예정입니다. 고농도 미세먼지 발생 시 고령층과 임산부의 탄력 근무 등도 대책에 포함된 것으로 알려졌습니다. KBS 뉴스 이슬기입니다. 촬영기자:김정은/영상편집:이상미/그래픽:박주미■ 제보하기▷ 전화 : 02-781-1234, 4444▷ 이메일 : kbs1234@kbs.co.kr▷ 카카오톡 : 'KBS제보' 검색, 채널 추가▷ 네이버, 유튜브에서 KBS뉴스를 구독해주세요!
]"
2024-02-28 06:10:01,전국 ‘대체로 흐림’… 미세먼지는 양호,https://n.news.naver.com/mnews/article/016/0002272787?sid=102,"[
낮 최고기온 7~13도



27일 전남 구례군 산동면 반곡마을에서 봄꽃 노란 산수유꽃이 피어나고 있다. [연합][헤럴드경제=이용경 기자] 수요일인 28일은 전국에 가끔 구름이 많겠고 낮 최고기온은 7~13도로 어제와 비슷하거나 조금 높겠다.이날 오전 현재 주요 지역의 기온은 서울 3.7도, 인천 4.6도, 수원 4.0도, 춘천 -1.0도, 강릉 -0.8도, 청주 3.7도, 대전 2.5도, 전주 3.5도, 광주 2.4도, 제주 7.4도, 대구 -2.3도, 부산 3.2도, 울산 -0.6도, 창원 1.0도 등이다.낮 최고기온은 7~13도로 예보됐다. 미세먼지 농도는 원활한 대기 확산으로 전국이 ‘좋음’~‘보통’ 수준을 보이겠다.바다의 물결은 동해 앞바다에서 0.5~2.0m, 서해 앞바다에서 0.5~1.0m, 남해 앞바다에서 0.5~1.5m로 일겠다.안쪽 먼바다(해안선에서 약 200㎞ 내의 먼바다)의 파고는 동해 1.0~2.5m, 서해 0.5~3.0m, 남해 1.0~2.0m로 예상된다.
]"
2024-02-28 18:04:05,봄맞이 지하역사 미세먼지 저감시스템 점검,https://n.news.naver.com/mnews/article/014/0005149046?sid=101,"[
한문희 코레일 사장 현장 방문 



지난 27일 수인분당선 서울숲역에서 한문희 코레일 사장(왼쪽)이 지하역사에 설치된 '공기청정 설비'를 점검하고 있다. 코레일 제공 한국철도공사(코레일)는 한문희 사장이 지난 27일 수인분당선 서울숲역에서 지하역사 실내 공기를 관리하는 '미세먼지 저감시스템'을 점검했다고 28일 밝혔다. '제5차 미세먼지 계절관리제'의 일환으로 열린 이번 점검은 미세먼지가 많은 봄철을 앞두고 지하역사의 △스마트 공기질관리 시스템 △공기조화설비 △청소상태 등을 살펴봤다.   출입구부터 이용객 동선을 따라 이동하며 '계절관리제 이행상황과 공기질 관리체크리스트'를 확인하고, 공기질을 자동으로 조절하는 '스마트 공기질관리 시스템'과 습기로 바닥의 미세먼지를 제거하는 '습식 청소' 실태를 점검했다.   코레일은 환경부에서 실시하는 '미세먼지 계절관리제'에 맞춰 지난해 12월부터 오는 3월까지 평시보다 강화된 미세먼지 저감 및 관리 정책을 시행해 지하역사 공기질 관리에 힘쓰고 있다. 하루 기준 역사 물청소는 3회(기존 2회) 실시하고, 공기조화설비는 19시간(기존 16시간), 공기청정기는 풍량 '강'으로 20시간(기존 16시간)으로 강화해 운영 중이다.   한 사장은 ""범정부적 '미세먼지 계절관리제' 기간 동안 스마트 공기질관리 시스템과 미세먼지 저감관리 사항을 세심히 살펴 역사 내 청정한 공기질 관리에 힘쓰겠다""고 강조했다.  
]"
2024-02-27 12:57:34,"정부, 미세먼지 심한 날 임산부·환자 '탄력 근무' 권고(종합)",https://n.news.naver.com/mnews/article/003/0012395177?sid=102,"[
봄철 초미세먼지 대비 관계부처 합동 대응""중국 미세먼지 농도 높아…영향 이어질 것""학교 실내 공기질 전수 점검…청소차 확대28기 석탄발전 가동 정지…불법소각 차단



[서울=뉴시스] 김선웅 기자 = 지난 18일 서울 도심이 흐린 모습. 2024.02.18. mangusta@newsis.com[서울=뉴시스] 구무서 기자 = 올해 초미세먼지 농도가 높아질 것으로 예상됨에 따라 정부가 임산부 등 민감·취약계층에게 탄력 근무 등을 권고하기로 했다. 지하철 등 다중이용시설, 학교에는 실내 공기질 점검에 나선다.환경부는 봄철 고농도 초미세먼지 발생에 대비해 3월31일까지 관계부처 합동 총력 대응 체제를 가동한다고 27일 밝혔다.연중 3월은 초미세먼지 농도가 가장 높은데, 기상청 전망에 따르면 올해는 기온이 평년보다 높고 고기압 영향을 주로 받아 대기 정체로 인한 고농도 초미세먼지가 자주 발생할 가능성이 있다.환경부 관계자는 ""현재 중국의 1~2월 미세먼지 농도가 굉장히 높아 그에 대한 영향이 이어질 것 같다""며 ""3월이 전반적으로 야외활동이 많아지고 신학기가 개학하기 때문에 체감하는 미세먼지 민감도가 높아 부처끼리 협업을 통해 대응할 필요가 있다""고 말했다. 주요 대책을 보면 먼저 초미세먼지 위기경보 '관심' 단계 2일 이상 지속 또는 '주의' 단계 이상 발령 시 임산부, 호흡기 질환자 등 민감·취약계층의 탄력적 근무시행을 적극 권고한다.환경부 관계자는 ""지금도 규정상으로는 탄력근무를 할 수 있는데 적극적으로 안 되는 부분이 있기 때문에 저희가 민감·취약 계층에 대해서는 적극적으로 권고를 해서 활성화해보자는 취지""라며, ""별도의 재정 지원은 고려하고 있지 않지만 정부에서 중소·중견기업 대상으로 유연근무 장려금 지원 제도를 운영하고 있기 때문에 이런 부분을 활용할 가능성은 있다""고 말했다. 지하역사, 철도 대합실 등 국민이 자주 이용하는 시설은 환기·공기정화 설비에 대한 특별점검과 함께 습식청소를 일 3회 이상 실시하고, 오염도가 높거나 교통량이 많은 도로는 청소차 운영을 일 최대 4회까지 확대한다.또한 신학기를 대비해 학교는 실내 공기질을 전수 점검하고, 어린이집, 노인요양시설 등의 이용자에게는 고농도 발생 시 행동 요령을 안내·교육한다.오염원 배출 저감 조치도 병행한다.겨울철 대비 난방수요 감소 여건을 반영해 공공 석탄발전의 가동 정지 기수를 겨울철 15기에서 봄철 28기로 확대한다. 불법소각을 사전에 예방하기 위해 영농폐기물을 집중 수거하고 산림 인접지역에 대해서는 파쇄지원단을 집중 운영해 영농잔재물의 파쇄·재활용을 적극 지원한다.건설공사가 본격화되는 봄철을 맞아 국민생활공간 주변의 공사장에 대한 날림먼지 저감조치도 집중 점검한다. 방진덮개 설치, 적재함 밀폐, 살수 등의 저감조치와 노후 건설기계 사용제한이 제대로 이행되는지 여부를 확인한다.4대(부산, 인천, 여수·광양, 울산) 대형 항만 출입차량은 제한속도를 준수하도록 캠페인을 실시하고, 선박 연료유(황 함유량) 기준에 대한 점검도 강화한다.초미세먼지와 그 원인물질을 다량 배출하는 사업장에 대해서는 유역(지방) 환경청장이 전담해 매주 배출량과 감축 목표 이행 상황을 관리한다. 특정 사업장에 대해서는 무인기(드론) 및 이동측정차량 등의 첨단감시장비를 활용해 불법배출 여부를 특별 단속한다. 또한 대형경유차와 도심 내 이동이 잦은 버스 등에 대해서도 배출가스와 불법 공회전을 집중 단속한다.소각시설 등 공공부문이 운영하는 사업장은 비상저감조치가 시행되는 경우 가동률 조정 등을 통해 추가적으로 배출량 감축을 추진한다.한편 한화진 환경부 장관은 이날 오전 서울 영등포구 소재 어린이집을 방문해 봄철 고농도 초미세먼지 발생에 대비해 실내공기질 관리 상황을 현장에서 점검했다. 한 장관은 ""매년 봄철은 국민들이 고농도 초미세먼지에 대한 걱정과 우려가 큰 시기였다""며 ""관계부처 간 긴밀한 협력을 통한 총력 대응으로 봄철 초미세먼지 관리 및 대응에 만전을 기하겠다""고 말했다．
]"
2024-02-29 05:02:01,[날씨] 서쪽 중심 미세먼지…충청 이남 비·눈,https://n.news.naver.com/mnews/article/123/0002328503?sid=102,"[




◆…29일(목) 오후 기상도 (자료=기상청)     목요일인 29일, 전국이 대체로 흐린 가운데, 충청권남부와 남부지방, 제주도에 비 또는 눈이 내리겠습니다.  * 예상 적설(29일)  - (전라권) 전남동부내륙(높은 산지), 전북동부(높은 산지): 1~3cm  - (경상권) 경남서부내륙(높은 산지): 1~5cm/ 경북북동산지, 경북남서내륙(높은 산지):1cm 내외  - (제주도) 제주도산지: 3~10cm  * 예상 강수량(29일)  - (충청권) 대전·충남남부, 충북남부: 1mm 내외  - (전라권) 광주·전남: 5~20mm/ 전북: 5mm 내외  - (경상도) 부산·울산·경남: 5~20mm/ 대구·경북: 5~10mm/ 울릉도·독도: 5mm 내외  - (제주도) 제주도: 10~40mm   아침최저기온은 -2~6도, 낮최고기온은 6~10도가 되겠습니다.   미세먼지 농도는 전 권역이 '좋음'∼'보통'으로 예상됩니다. 다만 수도권·강원영서·세종·충남은 오후까지, 대전·충북·광주·전북은 밤에 일시적으로 '나쁨' 수준일 것으로 예상됩니다.   제주도에는 오후부터 바람이 순간풍속 70km/h(20m/s) 안팎으로 강하게 부는 곳이 있겠으니, 시설물 관리와 안전사고에 유의하시기 바랍니다.   제주도앞바다와 제주도남쪽먼바다, 남해먼바다, 서해남부남쪽먼바다에는 바람이 35~60km/h(10~16m/s)로 강하게 불고, 물결이 2.0~4.0m로 높게 일겠으니, 항해나 조업하는 선박은 유의하시기 바랍니다.   강원동해안과 경상권해안에는 너울에 의한 높은 물결이 갯바위나 방파제, 해안도로를 넘는 곳이 있겠으니, 해안가 안전사고에 유의하시기 바랍니다.
		]"
2024-02-27 15:27:04,"한문희 코레일 사장, '미세먼지 계절관리제' 점검",https://n.news.naver.com/mnews/article/008/0005004626?sid=102,"[
서울숲역서 공기청정 설비 등 '미세먼지 저감시스템' 집중 살펴



한문희 코레일 사장(왼쪽)이 27일 오전 수인분당선 서울숲역을 찾아 지하역사에 설치된 ‘공기청정 설비’를 점검하고 있다./사진제공=코레일한문희 한국철도공사장이 27일 오전 수인분당선 서울숲역에서 지하역사 실내 공기를 관리하는 '미세먼지 저감시스템'을 점검했다.이번 점검 활동은 '제5차 미세먼지 계절관리제'의 일환으로 진행됐다. 미세먼지가 많은 봄철을 앞두고 지하역사의 △스마트 공기질관리 시스템 △공기조화설비 △청소상태 등을 점검했다. 출입구부터 이용객 동선을 따라 이동하며 '계절관리제 이행상황과 공기 질 관리체크리스트'를 확인하고, 공기 질을 자동으로 조절하는 '스마트 공기 질 관리 시스템'과 습기로 바닥의 미세먼지를 제거하는 '습식 청소' 실태 등을 살펴봤다.코레일은 환경부에서 실시하는 '미세먼지 계절관리제'에 맞춰 지난해 12월부터 오는 3월까지 평시보다 강화된 미세먼지 저감 및 관리 정책을 시행해 지하역사 공기 질 관리에 힘쓰고 있다.  하루 기준 역사 물청소는 3회(기존 2회) 실시하고, 공기조화설비는 19시간(기존 16시간), 공기청정기는 풍량 '강'으로 20시간(기존 16시간)으로 강화해 운영 중이다. 한문희 코레일 사장은 ""범정부적 '미세먼지 계절관리제' 기간에 '스마트 공기 질 관리 시스템'과 미세먼지 저감관리 사항을 세심히 살펴 역사 내 청정한 공기 질 관리에 힘쓰겠다""고 말했다.
]"
2024-02-28 17:41:01,‘미세먼지 제거’… 대구시 ‘클린로드 시스템’ 가동,https://n.news.naver.com/mnews/article/022/0003908793?sid=102,"[
 



  대구공공시설관리공단은 3월 1일부터 11월 30일까지 대기환경 개선을 위해 달구벌대로와 염색공단천로 총 9.6km 구간에 클린로드 시스템을 가동한다고 28일 밝혔다.     공단 도로환경팀이 운영하는 클린로드 시스템은 도로 위 미세먼지 제거 등을 위해 도로 노면에 물을 분사하는 시스템이다.     달구벌대로인 신당네거리~만촌네거리 9.1km와 서구 염색공단천로(0.5km)에 설치해 있다.     달구벌대로 구간은 지하철 2호선 역사에서 발생해 버려지는 깨끗한 지하수를 활용해 가동하고 있어 자원순환과 쾌적한 도시환경 조성사업의 우수사례로 손꼽히고 있다.     클린로드 가동 시 도로 위 미세 먼지가 18% 이상 감소하고 황사 등이 심해지는 봄철에 보다 깨끗한 공기질 관리를 위해 가동하고 있다는 게 공단 측의 설명이다.     문기봉 대구공공시설관리공단 이사장은 “클린로드 가동으로 도로가 젖어 있으니 감속과 안전운전을 당부드린다”며 “시민불편 최소화와 쾌적하고 안전한 도시 조성을 위해 노력하겠다”고 말했다.
]"
2024-02-26 14:30:45,"[단독] 지난해 초미세먼지 농도, 7년 만에 역주행",https://n.news.naver.com/mnews/article/056/0011669345?sid=102,"[




지난해 국내 초미세먼지(PM-2.5) 평균 농도가 18.3㎍(마이크로그램)/㎥ 으로 집계됐습니다.최근 수년 간 감소세를 보이던 초미세먼지 농도(PM-2.5)가 전년보다 높아진 것은 2016년 이후 7년 만입니다.국립환경과학원은 ""지난해 전국 525개 측정소에서 관측한 초미세먼지(PM-2.5)의 평균 농도가 18.3㎍/㎥으로 집계됐다""고 밝혔습니다.앞서 국내 초미세먼지(PM-2.5) 평균 농도는 2016년 세제곱미터당 25.9㎍으로 정점을 찍은 이후 2022년 17.5㎍까지 줄었습니다.다만, 올해 9월쯤 대기환경 연보를 통해 발표되는 2023년 초미세먼지(PM-2.5) 농도는  18㎍/㎥(실제 농도 18.3㎍/㎥)로 2022년 18㎍/㎥(실제 농도 17.5㎍/㎥)와  동일하게 기재될 것으로 보입니다.환경부가 관련 법령에 따라 초미세먼지(PM-2.5) 농도를 소수점 한자리에서 반올림해 공개하기 때문입니다.국립환경과학원 관계자는 ""지난해 초미세먼지(PM-2.5) 농도가 세제곱미터당 18.3㎍으로 집계됐지만, 연보에 공식 발표하는 수치는 소수점 단위를 버린 18㎍이 될 것""이라면서 ""소수점 이하의 수치는 연구용으로 사용하게 된다""고 설명했습니다.



■2016년 이후 이어진 초미세먼지 감소세 '일단 멈춤'2015년 정부는 지름 2.5㎛(마이크로미터, 1㎛=1,000분의 1㎜) 미만의 초미세먼지에 대한 환경 기준을 처음 세웠습니다.환경 기준은 우리나라 환경 정책의 행정 목표치로, 환경 개선을 위한 오염 정도를 판단·예측하고 대책을 세우는 척도로 사용됩니다.이때부터 초미세먼지 관측도 본격적으로 이뤄지기 시작했는데, 그해 전국의 초미세먼지(PM-2.5) 평균 농도는 25.5㎛/㎥였습니다.현재 우리나라의 연평균 환경 기준이 15㎛인 걸 감안하면, 기준치의 약 170%를 넘는 상당히 높은 수치입니다.



그 다음 해인 2016년 초미세먼지(PM-2.5) 전국 평균 농도는 25.9㎛/㎥로 더 올라, 정점을 찍었습니다.이후 농도는 조금씩 내려갔습니다.2017년 초미세먼지(PM-2.5) 농도는 24.9㎛/㎥를 기록해 전년보다 소폭 줄었고, 2018년에도 비슷한 수준의 감소 폭을 이어가면서 전국 평균 농도는 23.1㎛/㎥로 나타났습니다.2019년에는 전국 초미세먼지(PM-2.5) 평균 농도가 전년과 같았습니다.



급격한 감소세는 2020년에 나타났습니다.2020년 전국의 초미세먼지(PM-2.5) 연평균 농도는 18.9㎍/㎥로 관측됐습니다. 특히, 2019년에 6일이나 발생했던 매우나쁨(76㎍/㎥ 이상) 일수는 2020년에는 없었습니다.이후 감소세는 꾸준히 이어져 2021년 18.1㎍/㎥으로 감소했고, 2022년에는 17.5㎍/㎥까지 내려갔습니다.  2022년 한 해 동안 전국 초미세먼지(PM-2.5) 농도가 '나쁨(36㎍/㎥ 이상)' 등급을 넘은 날이 전국 단위의 관측을 시작한 2015년 이래로 가장 적은 17일에 그치기도 했습니다.



■7년 만의 반등 이유는?…""코로나 종식""·""기상 변화""그렇다면 지난해 초미세먼지 농도가 7년 만에 다시 높아진 이유는 무엇일까요?우정헌 서울대 환경대학원 교수는 ""정확한 원인이 밝혀지려면 시간이 더 필요하다""면서도 ""코로나19 대유행의 종식으로 사람들의 활동이 늘어나고 연료의 소비도 증가하면서 미세먼지 발생에 영향을 미쳤을 가능성이 크다""고 말했습니다.실제로, 초미세먼지 농도 감소가 뚜렷했던 2020년은 코로나19가 전 세계로 퍼져나갔을 때입니다. 당시 초미세먼지 발생의 주요 원인으로 꼽히는 공장 가동과 교통수단 이용 등이 크게 줄었습니다. 하지만, 지난해 우리나라를 비롯한  세계 각국이 코로나19 엔데믹을 선언하면서 공장 가동 등이 재개됐고, 초미세먼지 증가에 영향을 줬을 것이란 분석입니다.기상 환경의 변화도 초미세먼지 농도 증가의 주요 원인 중 하나라고 전문가들은 보고 있습니다.박록진 서울대 지구환경공학부 교수는 ""2021년과 2022년 겨울의 미세먼지 농도가 상당히 낮았다""면서 ""연구 결과 라니냐(적도 동태평양의 저수온 현상)의 영향으로 한국을 포함한 동아시아의 미세먼지가 줄어드는 경향을 보였다""고 밝혔습니다.또, ""지난해 겨울부터 북반구의 기상 상황이 라니냐에서 엘니뇨로 바뀌고 있기 때문에 한반도에 남서풍이나 서풍이 좀 더 강해지고, 대기 정체 현상도 일어나면서 미세먼지가 많아질 가능성이 있어 보인다""고 설명했습니다.■ 제보하기▷ 전화 : 02-781-1234, 4444▷ 이메일 : kbs1234@kbs.co.kr▷ 카카오톡 : 'KBS제보' 검색, 채널 추가▷ 네이버, 유튜브에서 KBS뉴스를 구독해주세요!
]"
2024-02-26 04:00:00,수도권 아침 기온 영하권…미세먼지 일시 '나쁨'[오늘날씨],https://n.news.naver.com/mnews/article/003/0012391802?sid=103,"[
강원영동·경북동해안·제주도 비·눈아침 최저 -5~3도 낮 최고 4~12도미세먼지 서해안 일대 '나쁨' 수준



[서울=뉴시스] 김선웅 기자 [서울=뉴시스]박선정 기자 = 월요일인 26일은 서울을 비롯한 수도권과 중부지방의 아침 기온이 영하에 머무르는 가운데 강원영동과 경북동해안을 중심으로 가끔 비 또는 눈이 오겠다. 서해안을 중심으로 미세먼지 농도가 높겠다.기상청은 이날 ""중국 북동지방에서 동쪽으로 이동하는 고기압의 가장자리에 들어 오늘은 전국이 가끔 구름많겠으나, 강원영동과 경북동해안은 대체로 흐리겠다""며 ""제주도는 오늘 새벽까지 한때 비, 산지는 비 또는 눈이 오는 곳이 있겠다""고 예보했다.내일(27일)까지 예상 적설·강수량은 ▲강원산지 2~7㎝, 강원동해안 1~5㎝(강원산지, 강원동해안 5~10㎜) ▲(26일까지)경북북부동해안 1~3㎝(울릉도·독도 5㎜ 미만) ▲제주도산지 1~3㎝(제주도 5㎜ 내외)다.특히 강원영동에는 많은 눈이 쌓여있는 가운데, 오늘 오후부터 밤 사이 추가로 많은 눈이 내리면서 쌓이겠다. 최근 비 또는 눈이 내린 지역은 밤사이 기온이 낮아지면서 빙판길과 도로 살얼음(블랙아이스)이 나타나는 곳이 많을 전망이다.내일까지 아침 기온은 평년(최저기온 -6~3도)과 비슷하거나 조금 높겠고, 낮 기온은 평년(최고기온 7~12도)과 비슷하거나 조금 낮겠다. 중부지방과 전북동부, 경북내륙을 중심으로 아침 기온이 내일까지 0도 이하(경기북부와 강원내륙 -5도 이하, 강원산지는 -10도 이하)를 밑돌 것으로 보인다.아침 최저기온은 -5~3도, 낮 최고기온은 4~12도를 오르내리겠다.주요 지역 아침 최저기온은 서울 -1도, 인천 -1도, 수원 -3도, 춘천 -3도, 강릉 0도, 청주 0도, 대전 -2도, 전주 0도, 광주 1도, 대구 1도, 부산 3도, 제주 6도다.낮 최고기온은 서울 8도, 인천 7도, 수원 8도, 춘천 8도, 강릉 5도, 청주 9도, 대전 9도, 전주 9도, 광주 10도, 대구 10도, 부산 11도, 제주 9도다.이날 새벽부터 아침 사이 전국 내륙을 중심으로 가시거리 1㎞ 미만의 안개가 끼겠고, 강원산지에는 내일 새벽까지 낮은 구름이 유입되어 가시거리 200m 미만의 짙은 안개가 낄 수 있다.서해남부바깥먼바다와 남해동부바깥먼바다, 제주도남쪽먼바다는 오늘 낮까지 바람이 초속 10~16m로 매우 강하게 불고, 물결이 2.0~4.0m로 매우 높게 일겠다. 동해먼바다도 오늘 밤부터 다시 차차 바람이 매우 강하게 불고, 물결이 매우 높게 일 전망이다.내일까지 달의 인력이 강해 해수면의 높이가 높은 기간이며, 대부분 해안에는 만조 시간대에 해수면 높이가 더욱 높아져 유의해야겠다.미세먼지는 서쪽지역에 국외 미세먼지가 유입돼 농도가 높아져 인천·충남은 내내, 서울·경기남부·세종은 오전에, 광주·전북은 오후에 일시적으로 '나쁨' 수준을 보이겠다. 그외 지역은 '좋음'에서 '보통'으로 예상된다．
]"
2024-02-28 10:23:33,"낙동강청, 농촌지역 미세먼지 저감 ‘에코플로킹’ 실시",https://n.news.naver.com/mnews/article/277/0005385639?sid=102,"[
쓰레기 처리방법 교육 찾아가는 파쇄 서비스불법소각 근절 캠페인낙동강유역환경청은 지난 27일 오후 경남 밀양시 삼랑진읍 금곡마을에서 농촌지역 미세먼지 저감을 위한 ‘에코플로킹 행사’를 실시했다.플로킹(Ploking)이란 이삭줍기를 의미하는 스웨덴어 플로카 웁(plocka upp)과 걷기(walking)의 합성어로, 걸으면서 쓰레기를 줍는 운동을 의미한다.행사에는 밀양시, 삼랑진읍을 비롯해 금곡마을, 산림청, 한국환경공단, 한국환경보전원 등 관계기관에서 80여 명이 참여해 마을 주변에 방치된 쓰레기를 수거하고 불법소각 근절 캠페인을 진행했다.



이번 캠페인에서는 한국환경공단과 밀양시 농업기술센터에서 영농폐기물 및 잔재물의 올바른 처리 방법을 안내했고, 산림청에서 찾아가는 파쇄 지원서비스를 제공했다.에코플로킹은 제5차 미세먼지 계절관리제 추진계획 중 농촌지역 미세먼지 저감방안의 일환으로, 농촌지역 불법소각 방지에 마을주민들의 적극적인 참여를 유도하기 위해 마련됐다.최종원 청장은 “농촌지역의 미세먼지 저감은 주민들의 인식개선과 실천문화 확산에 달려있다”며 “농촌지역의 미세먼지 저감을 위해 영농잔재물 불법소각 근절에 적극 동참해주시길 당부드린다”고 말했다.
]"
2024-02-28 00:01:16,[오늘의 날씨] 아침 최저 영하 4도 쌀쌀…미세먼지 '보통',https://n.news.naver.com/mnews/article/629/0000270112?sid=103,"[




수요일인 28일 아침 최저기온이 영하 4도까지 떨어지는 등 쌀쌀한 날씨를 보이겠다. /더팩트DB수요일인 28일 아침 최저기온이 영하 4도까지 떨어지는 등 쌀쌀한 날씨를 보이겠다.기상청에 따르면 이날 중부지방은 대체로 흐리고 남부지방과 제주도는 가끔 구름이 많겠다. 아침 기온은 평년보다 비슷하거나 조금 높겠다. 전국 대부분 지역에서도 0도 이하로 낮아 춥겠고 낮 기온은 평년과 비슷하거나 조금 높겠다.아침 최저기온은 영하 4도~4도, 낮 최고기온은 7도~13도로 예보됐다.주요 도시 아침 최저기온은 △서울 2도 △인천 3도 △춘천 영하 3도 △강릉 영하 2도 △대전 0도 △대구 영하 1도 △전주 1도 △광주 2도 △부산 3도 △제주 7도다.낮 최고기온은 △서울 9도 △인천 8도 △춘천 9도 △강릉 9도 △대전 11도 △대구 12도 △전주 12도 △광주 13도 △부산 12도 △제주 13도다.이른 새벽부터 아침 사이 경상권 내륙에는 가시거리 1km 미만의 안개가 끼는 곳이 있겠다. 기상청 관계자는 ""교통안전에 유의하라""고 당부했다.미세먼지 농도는 전 권역이 '좋음'~'보통' 수준을 나타내겠다.발로 뛰는 더팩트는 24시간 여러분의 제보를 기다립니다.▶카카오톡: '더팩트제보' 검색▶이메일: jebo@tf.co.kr▶뉴스 홈페이지: http://talk.tf.co.kr/bbs/report/write
]"
2024-02-27 11:30:00,"한화진 환경장관 ""봄철 초미세먼지 취약한 어린이·어르신 안전관리 최선""",https://n.news.naver.com/mnews/article/421/0007377082?sid=101,"[
정부합동 초미세먼지 총력대응방안 발표 맞춰 어린이집 현장방문초미세먼지 경보 발령시 탄력근무 권고, 석탄발전 정지 확대



한화진 환경부장관이  서울 여의도 국회박물관에서 열린 ‘제2차 응축성 미세먼지 관리 선진화를 위한 전문가 초청 포럼’에서 축사하고 있다. (환경부 제공) 2023.9.11/뉴스1(세종=뉴스1) 심언기 기자 = 환경부는 한화진 환경부 장관이 27일 서울 영등포구에 위치한 신일어린이집을 찾아 봄철 고농도 초미세먼지 발생에 대비한 실내공기질 관리 상황을 점검했다고 밝혔다.윤석열 대통령이 지난 20일 ""미세먼지에 취약한 어린이와 어르신들에 대한 실내 미세먼지 관리를 철저히 준비할 것""을 지시하고, 이날 국무회의에서 진행된 '봄철 고농도 초미세먼지 총력대응 방안' 보고와 맞물려 현장방문이 추진됐다.신일어린이집은 환경부에서 추진 중인 '취약계층 이용시설 진단(컨설팅) 사업' 대상으로 선정돼 지난해 실내공기질 관리 방법에 대한 진단과 실내공기질 측정기를 지원받은 곳이다.진단 사업은 어린이집, 노인요양시설, 산후조리원 등 취약계층이 이용하는 다양한 시설을 대상으로 실내공기질이 적절하게 관리될 수 있도록 전문가 진단을 비롯해 실내공기질 측정기, 공기순환기, 제습기 등의 시설개선을 지원한다.올해에는 미세먼지에 취약한 어린이 건강 보호 중요성을 고려해 어린이집 500곳을 지원하며, 지난해 환경부가 실내공기질 관리 전문기관으로 지정한 실내환경관리센터가 함께 지원해 전문성을 높였다.아울러 환경부는 봄철 초미세먼지 총력 대응에 따라 미세먼지 집중관리구역 내 취약계층 시설에 대한 점검을 이어나갈 계획이다. 점검 결과 초미세먼지(PM2.5) 기준 초과(35㎍/㎥ 초과) 등 실내공기질 관리가 요구되는 시설에 대해서는 진단 사업과 연계해 깨끗한 공기질을 유지할 수 있도록 지원할 예정이다.한화진 환경부 장관은 ""봄철에는 고농도 미세먼지에 취약한 어린이와 어르신의 건강 보호에 더욱 유념해야 한다""라며 ""민감·취약계층이 안심하고 생활할 수 있도록 어린이집 등 취약계층 이용시설을 관계기관과 협력해 꼼꼼하게 점검하고 진단 및 교육 등 세심한 지원으로 국민 생활공간이 안전하게 관리될 수 있도록 최선을 다하겠다""라고 강조했다.한편 정부는 이날 국무회의에서 초미세먼지 위기경보 '관심' 단계 지속 또는 '주의' 단계 이상 발령 시 탄력근무 시행을 권고하고, 석탄발전 가동정지를 확대하는 내용 등을 골자로 한 '봄철 고농도 초미세먼지 총력대응 방안'을 논의한 후 발표했다.
		]"
2024-02-28 06:32:01,전국 가끔 구름 많고 미세먼지 '좋음'~'보통'…낮 최고기온 13도,https://n.news.naver.com/mnews/article/437/0000381508?sid=103,"[
   



서울 광화문사거리에서 시민들이 길을 건너기 위해 기다리고 있다. 〈사진=연합뉴스〉    오늘(28일) 전국에 가끔 구름이 많고 미세먼지 농도는 '좋음'~'보통' 수준을 보이겠습니다.   기상청에 따르면 이날 새벽 6시 기준 지역별 기온은 서울 3.7도, 인천 4.3도, 수원 3.7도, 춘천 -1.2도, 청주 3.5도, 대전 2.7도, 전주 3.1도, 광주 2.2도, 제주 7.6도, 대구 -2.2도, 부산 3.1도, 울산 -0.7도 등입니다.   낮 최고기온은 7~13도로 예상됩니다. 지역별 낮 최고기온은 서울 9도, 인천 8도, 수원 9도, 춘천 8도, 청주 10도, 대전 11도, 전주 12도, 광주 13도, 제주 13도, 대구 11도, 부산 13도, 울산 11도 등입니다.   내일(29일)까지 강원 동해안과 경상권 해안에는 강한 너울이 유입돼 높은 물결이 갯바위나 방파제를 넘는 곳이 있겠습니다.   미세먼지 농도는 원활한 대기 확산으로 전국이 '좋음'~'보통' 수준을 보이겠습니다. 
]"
2024-02-28 06:00:00,"울산, 아침 쌀쌀한 출근길…미세먼지 '보통'",https://n.news.naver.com/mnews/article/003/0012396447?sid=102,"[




[울산=뉴시스]구미현 기자 = 수요일인 28일 울산은 대체로 흐리겠다. 울산기상대는 ""동해북부해상에서 동쪽으로 이동하는 고기압의 가장자리에 들어 대부분 지역의 아침 기온이 영하권으로 낮아 춥겠다""고 예보했다. 아침 최저기온은 1도, 낮 최고기온은 10도로 예상된다. 낮 기온은 평년(최고기온 7∼12도)과 비슷하거나 조금 낮겠다.미세먼지 농도는 '보통' 수준을 보이겠다.바다의 물결은 동해 앞바다에서 0.5∼2.5m, 안쪽 먼바다(해안선에서 약 200㎞ 내의 먼바다)에서 1.0∼3.0m로 일겠다.
]"
2024-02-27 18:13:13,"김동구 한강청장, 용인시 환경센터서 미세먼지 저감 노력 격려",https://n.news.naver.com/mnews/article/421/0007378578?sid=102,"[




김동구 한강청장(푸른색 상의)이 용인시 환경센터에서 생활폐기물 소각시설 운영 현황을 확인하고 있다.(한강청 제공)(하남=뉴스1) 김평석 기자 = 김동구 한강유역환경청장이 27일 경기 용인시 처인구 포곡읍 용인시 환경센터에서 ‘미세먼지 저감 자발적 협약’ 이행 현황을 점검했다.용인시 환경센터는 생활폐기물을 소각(300톤/일)하고 매립(260만5423㎡)하는 시설이다. 사업장 미세먼지 발생량을 2021년 대비 5% 정도 감축하기로 한강청과 협약을 맺고 저감을 위해 노력하고 있다.김동구 청장은 이날 관계자들로부터 비상저감조치 발령 시 시행하는 저감대책을 확인하고, 노력에 대한 감사를 전했다. 그러면서 “제5차 미세먼지 계절관리제가 끝날 때까지 더욱 철저하게 관리해 달라”고 당부했다.
		]"
2024-02-28 15:46:27,[날씨] 내일 곳곳 비·눈‥오후부터 미세먼지 유입,https://n.news.naver.com/mnews/article/214/0001333359?sid=103,"[














[뉴스외전]오늘 낮 동안에 전국 대부분지역의 기온이 10도에서 15도 안팎까지 올라 온화했습니다.한편 동해안 지역에는 강한 너울이 밀려왔는데요.오늘 오후 강릉 강문해변에서도 이렇게 매서운 파도가 지속적으로 밀려왔습니다.내일까지 너울성 파도가 계속될 것으로 보여서 안전사고에 주의하셔야겠습니다.한편 내일은 곳곳에 비와 눈이 내리겠습니다.제주에는 10에서 40, 경남과 전남에는 5에서 20, 그 밖의 남부와 충청도에 5에서 10mm가량의 비가 예상 되고요. 기온이 낮은 높은 산지를 중심으로는 눈이 내릴 텐데요.제주 산지에는 3에서 최고 10cm가량의 눈이 예상됩니다.내일 오후부터는 국외 미세먼지가 유입되면서 서쪽 지역을 중심으로 공기가 탁해지겠습니다.이후에 찬바람이 강해지면서 먼지가 오래 머물지는 않겠습니다.비는 내일 새벽 제주와 서해안, 남해안 지역부터 시작돼 오전 중에 충청과 남부지방까지 확대되겠고요.밤사이 대부분 그치겠습니다.날씨였습니다.MBC 뉴스는 24시간 여러분의 제보를 기다립니다. ▷ 전화 02-784-4000▷ 이메일 mbcjebo@mbc.co.kr▷ 카카오톡 @mbc제보
]"
2024-02-22 10:10:07,봄철 미세먼지 비상저감조치 시 재택근무·휴가 권고 검토,https://n.news.naver.com/mnews/article/001/0014520130?sid=102,"[
내주 발표 봄철 총력대응방안에 '탄력적 근무제 운영 권고' 포함될듯



초미세먼지로 뒤덮인 서울(서울=연합뉴스) 김성민 기자 = 서울에 초미세먼지 주의보가 발령된 12일 오전 서울 시내 한 건물에서 바라본 도심이 뿌옇다. 2024.2.12 ksm7976@yna.co.kr    (서울=연합뉴스) 이재영 기자 = 3월부터 미세먼지가 짙어 비상저감조치가 실시되는 날엔 재택근무나 휴가를 권고하는 방안이 추진된다.    22일 환경부에 따르면 정부가 다음 주 발표할 '초미세먼지 봄철 총력 대응 방안'에 고농도 미세먼지 비상저감조치 시행 시 재택근무나 휴가 등을 권고하도록 하는 내용을 포함하는 것이 미세먼지특별대책위원회에서 검토되고 있다.     미세먼지법과 비상저감조치 시행지침에 따르면 이튿날 초미세먼지 일평균농도가 75㎍/㎥를 초과(매우 나쁨 수준)할 것으로 예보돼 비상저감조치를 발령한 경우와 비상저감조치가 시행 중일 때 초미세먼지 경보(2시간 이상 시간당 평균농도가 150㎍/㎥ 이상인 경우)가 발령된 경우 시·도지사가 학교와 어린이집에 휴업 또는 수업 시간 단축을, 사업장엔 '탄력적 근무제' 시행을 권고할 수 있다.     탄력적 근무제는 시차출퇴근, 재택근무, 시간제 근무를 말한다.    비상저감조치 시행지침은 학교와 어린이집에 휴업과 수업 시간 단축을 권고하는 경우 사업장 탄력적 근무제도 되도록 함께 권고하도록 규정하고 있다. 돌봄 공백이 발생하는 것을 막기 위해서다.    이처럼 미세먼지 비상저감조치 시 탄력적 근무를 권고할 수 있는 규정은 존재하지만, 실제 권고가 이뤄진 적은 없었다.     최근 국민 건강 보호 차원에서 비상저감조치 시 탄력적 근무를 권고해야 한다는 미세먼지특위 민간위원들 요구가 있었고 정부도 이를 긍정적으로 검토하는 것으로 알려졌다.    통상 초미세먼지 봄철 총력 대응 방안엔 가동을 정지하는 석탄화력발전소를 확대하는 방안도 들어가는데 올해는 정지하는 발전소가 이전보다 많을 것으로 알려졌다.    작년의 경우 미세먼지 계절관리제 초기엔 공공 석탄화력발전소 발전기 8~14기를 정지했다가 봄철 총력 대응 방안이 시행될 때는 17~26기를 정지했다.     jylee24@yna.co.kr
]"
2024-02-28 07:53:10,"미세먼지 주범, ‘영농 폐기물 줄여라’",https://n.news.naver.com/mnews/article/056/0011670822?sid=102,"[














[KBS 창원] [앵커] 농사를 짓고 남은  비닐 등 영농 폐기물, 여간 처치 곤란한 게 아니죠. 이런 영농 폐기물을  몰래 태우면, 산불 등 화재 위험은 물론 대기오염의 주범이 되기도 하는데요. 영농 폐기물을 어떻게 처리해야 하는지, 김효경 기자가 취재했습니다. [리포트] 시뻘건 불길에 논이 까맣게 그을리고, 뿌연 연기가 피어오릅니다. 쓰레기나 영농 폐기물 불법 소각은,  초미세먼지는 물론  대기오염의 원인으로 지목됐습니다. 마을 주민들이 논을 따라 걸으며 걸음마다 쓰레기를 줍습니다. 흙 속에 파묻힌 비닐을 꺼내고, 준비한 자루는 페트병 등  논에서 주운 각종 쓰레기로 가득 찹니다. 방치된 쓰레기를 수거해 불법 소각되는 양을 줄이기 위해섭니다.  [손기백/밀양시 금곡마을 이장 : ""함부로 태워서 처리를 하고 이랬는데 그 가스가 다 어디 가겠습니까. 우리 주민들 다 마시고 먹고 했는데, 지금은 (수거도 하면서) 환경이 많이 좋아진 편입니다.""] 마을 1.4km를 걸으며 수거한 영농 쓰레기는 100ℓ짜리 자루 20개 분량입니다. 주워온 쓰레기 가운데 폐비닐은 공동 수거장으로, 재활용이 어려운 폐기물은 종량제 봉투에 담아 처리됩니다. 지푸라기 등 잔재물은 파쇄기를 거쳐 거름으로 탈바꿈합니다. 2018년부터 3년 동안 경남에서 발생한 영농 폐비닐은 약 12만여 톤. 이 가운데 수거된 폐비닐은 5만 8천여 톤으로 절반이 되지 않습니다. 수거되지 않은 비닐은 대부분 태워지는데, 이렇다 보니  경남 초미세먼지 가운데 15%가 영농 잔재물이나 쓰레기 등을 태울 때  생긴 것으로 집계됐습니다. [최종원/낙동강유역환경청장 : ""각 지자체에 있는 농업기술센터나 아니면 저희 환경부, 환경공단에 의뢰하시면 직접 방문해서 (영농 부산물을) 파쇄하실 수 있도록 도와드리고 있습니다.""] 최근 3년 동안 경남에서 쓰레기 불법 소각으로 적발된 사례는 740여 건, 불법 소각이 적발되면 최대 100만 원의 과태료를 내야 합니다. KBS 뉴스 김효경입니다. 촬영기자:조형수/그래픽:백진영
]"
2024-02-27 22:21:01,"[포토] 최호권 영등포구청장, 한화진 환경장관과 미세먼지 점검",https://n.news.naver.com/mnews/article/018/0005681810?sid=100,"[




[이데일리 김태형 기자] 최호권(오른쪽 두번째부터) 영등포구청장이 27일 한화진 환경부 장관과 함께 신길동에 위치한 신일어린이집을 방문해 환경부에서 제작한 인형을 들고 환하게 웃고 있다.봄철 미세먼지 발생을 대비해 미세먼지 취약계층 시설의 공기질 관리 상황을 점검하고자, 최 구청장을 비롯한 한화진 환경부 장관, 한국환경공단 관계자 등이 함께 현장을 방문했다.이날 최 구청장은 구에서 지원한 친환경 조리기구들과 미세먼지 관련 시설 등을 확인하며 신일어린이집의 미세먼지 관리 현황을 파악했다.최호권 구청장은 “다가오는 봄철 미세먼지 발생에 대비해 어린이와 어르신들의 건강을 더 철저하게 보호해야 한다.”라며 “앞으로도 미세먼지 저감과 대기질 개선을 위해 미세먼지 취약계층에 대한 다양한 지원 방안을 마련하여 더 안전한 생활공간을 제공하도록 노력하겠다.”라고 전했다. (사진=영등포구)
]"
2024-02-27 06:20:37,충북 가끔 구름 많고 낮 최고 9도…미세먼지는 '좋음',https://n.news.naver.com/mnews/article/003/0012394253?sid=102,"[




[청주=뉴시스] 조성현 기자 = 화요일인 27일 충북지역은 가끔 구름 많겠다.청주기상지청에 따르면 이날 6시 현재 기온은 보은 영하 1.9도, 제천 영하 0.8도, 청주 1.3도, 추풍령 영하 1.3도, 충주 0;8도 등이다.낮 최고기온은 6~9도로 전날과 비슷하겠다.미세먼지 농도는 '좋음' 수준으로 국립환경과학원은 예보했다.
]"
2024-02-27 19:26:46,"미세먼지 주범, ‘영농 폐기물 줄여라’",https://n.news.naver.com/mnews/article/056/0011670434?sid=102,"[














[KBS 창원] [앵커] 농사를 짓고 남은  비닐 등 영농 폐기물, 여간 처치 곤란한 게 아니죠. 이런 영농 폐기물을  몰래 태우면, 산불 등 화재 위험은 물론 대기오염의 주범이 되기도 하는데요. 영농 폐기물을 어떻게 처리해야 하는지, 김효경 기자가 취재했습니다. [리포트] 시뻘건 불길에 논이 까맣게 그을리고, 뿌연 연기가 피어오릅니다. 쓰레기나 영농 폐기물 불법 소각은,  초미세먼지는 물론  대기오염의 원인으로 지목됐습니다. 마을 주민들이 논을 따라 걸으며 걸음마다 쓰레기를 줍습니다. 흙 속에 파묻힌 비닐을 꺼내고, 준비한 자루는 페트병 등  논에서 주운 각종 쓰레기로 가득 찹니다. 방치된 쓰레기를 수거해 불법 소각되는 양을 줄이기 위해섭니다. [손기백/밀양시 금곡마을 이장 : ""함부로 태워서 처리를 하고 이랬는데 그 가스가 다 어디 가겠습니까. 우리 주민들 다 마시고 먹고 했는데, 지금은 (수거도 하면서) 환경이 많이 좋아진 편입니다.""] 마을 1.4km를 걸으며 수거한 영농 쓰레기는 100ℓ짜리 자루 20개 분량입니다. 주워온 쓰레기 가운데 폐비닐은 공동 수거장으로, 재활용이 어려운 폐기물은 종량제 봉투에 담아 처리됩니다. 지푸라기 등 잔재물은 파쇄기를 거쳐 거름으로 탈바꿈합니다. 2018년부터 3년 동안 경남에서 발생한 영농 폐비닐은 약 12만여 톤. 이 가운데 수거된 폐비닐은 5만 8천여 톤으로 절반이 되지 않습니다. 수거되지 않은 비닐은 대부분 태워지는데, 이렇다 보니  경남 초미세먼지 가운데 15%가 영농 잔재물이나 쓰레기 등을 태울 때  생긴 것으로 집계됐습니다.  [최종원/낙동강유역환경청장 : ""각 지자체에 있는 농업기술센터나 아니면 저희 환경부, 환경공단에 의뢰하시면 직접 방문해서 (영농 부산물을) 파쇄하실 수 있도록 도와드리고 있습니다.""] 최근 3년 동안 경남에서 쓰레기 불법 소각으로 적발된 사례는 740여 건, 불법 소각이 적발되면 최대 100만 원의 과태료를 내야 합니다. KBS 뉴스 김효경입니다. 촬영기자:조형수/그래픽:백진영
]"
2024-02-25 17:21:48,동해안 중심 비 또는 눈…아침 기온 -5~3도[내일날씨],https://n.news.naver.com/mnews/article/003/0012391659?sid=103,"[
강원영동·경북동해안·제주도 비·눈아침 최저 -5~3도 낮 최고 4~12도 미세먼지 서해안 일대 '나쁨' 수준



[서울=뉴시스] 황준선 기자[서울=뉴시스]박선정 기자 = 월요일인 오는 26일은 전국이 가끔 구름 많은 가운데 강원영동과 경북동해안을 중심으로 가끔 비 또는 눈이 오겠다. 서해안을 중심으로 미세먼지 농도가 높겠다.기상청은 25일 ""중국 북동지방에서 동쪽으로 이동하는 고기압의 가장자리에 들어 내일은 전국이 가끔 구름많겠으나, 강원영동과 경북동해안은 대체로 흐리겠다""며 ""제주도는 내일 새벽까지 한때 비, 산지는 비 또는 눈이 오는 곳이 있겠다""고 예보했다.모레(27일)까지 예상 적설·강수량은 ▲강원산지 2~7㎝, 강원동해안 1~5㎝(강원산지, 강원동해안 5~10㎜) ▲(26일까지)경북북부동해안 1~3㎝(울릉도·독도 5㎜ 미만) ▲제주도산지 1~3㎝(제주도 5㎜ 내외)다.특히 강원영동에는 많은 눈이 쌓여있는 가운데, 내일 오후부터 밤 사이 추가로 많은 눈이 내리면서 쌓이겠다. 최근 비 또는 눈이 내린 지역은 밤사이 기온이 낮아지면서 빙판길과 도로 살얼음(블랙아이스)이 나타나는 곳이 많을 전망이다.모레까지 아침 기온은 평년(최저기온 -6~3도)과 비슷하거나 조금 높겠고, 낮 기온은 평년(최고기온 7~12도)과 비슷하거나 조금 낮겠다. 중부지방과 전북동부, 경북내륙을 중심으로 아침 기온이 모레까지 0도 이하(경기북부와 강원내륙 -5도 이하, 강원산지는 -10도 이하)를 밑돌 것으로 보인다.내일 아침 최저기온은 -5~3도, 낮 최고기온은 4~12도를 오르내리겠다.주요 지역 아침 최저기온은 서울 -1도, 인천 -1도, 수원 -3도, 춘천 -3도, 강릉 0도, 청주 0도, 대전 -2도, 전주 0도, 광주 1도, 대구 1도, 부산 3도, 제주 6도다.낮 최고기온은 서울 8도, 인천 7도, 수원 8도, 춘천 8도, 강릉 5도, 청주 9도, 대전 9도, 전주 9도, 광주 10도, 대구 10도, 부산 11도, 제주 9도다.내일 새벽부터 아침 사이 전국 내륙을 중심으로 가시거리 1㎞ 미만의 안개가 끼겠고, 강원산지에는 모레 새벽까지 낮은 구름이 유입되어 가시거리 200m 미만의 짙은 안개가 낄 수 있다.서해남부바깥먼바다와 남해동부바깥먼바다, 제주도남쪽먼바다는 내일 낮까지 바람이 초속 10~16m로 매우 강하게 불고, 물결이 2.0~4.0m로 매우 높게 일겠다. 동해먼바다도 내일 밤부터 다시 차차 바람이 매우 강하게 불고, 물결이 매우 높게 일 전망이다.모레까지 달의 인력이 강해 해수면의 높이가 높은 기간이며, 대부분 해안에는 만조 시간대에 해수면 높이가 더욱 높아져 유의해야겠다.미세먼지는 서쪽지역에 국외 미세먼지가 유입돼 농도가 높아져 인천·충남은 내내, 서울·경기남부·세종은 오전에, 광주·전북은 오후에 일시적으로 '나쁨' 수준을 보이겠다. 그외 지역은 '좋음'에서 '보통'으로 예상된다．
]"
2024-02-28 10:31:43,대구·경북 낮 기온 9~12도 ‘포근’…미세먼지 ‘양호’,https://n.news.naver.com/mnews/article/056/0011670924?sid=103,"[














[KBS 대구]대구와 경북 지역은 오늘 구름 많은 가운데 낮에는 기온이 올라 포근하겠습니다.낮 최고기온은 대구 11도를 비롯해 안동과 포항 10도 등 9도에서 12도 분포로 어제보다 3~4도 가량 높겠습니다.공기질은 미세먼지 좋음에서 보통 수준이 예상됩니다.
]"
2024-02-26 15:30:37,포근한 겨울 미세먼지 기승에 청정기 경쟁,https://n.news.naver.com/mnews/article/214/0001332857?sid=101,"[














[뉴스외전]◀ 앵커 ▶요즘 같은 겨울철에는, 추위만큼이나 미세먼지도 신경 써야 하는 날이 많은데요.이에 따라 공기청정기 수요가 늘면서 가전업계가 AI 기술까지 적용해 치열한 경쟁을 벌이고 있습니다.정혜인 기자입니다.◀ 리포트 ▶최근 우리나라 겨울철 날씨를 두고 '삼한사미'라는 신조어가 생겼습니다. 사흘은 춥고, 나흘은 미세먼지 나쁨 수준을 보인다는 뜻입니다.그만큼 미세먼지가 심해졌다는 건데, 겨울철 실내에 있는 시간은 길지만 환기가 어려워지면서, 일찌감치 공기청정기를 찾는 소비자들이 늘고 있습니다.업계에 따르면 지난달 공기청정기 판매수량은 1년 전과 비교해 59% 증가했고, 초봄인 지난해 3월과 비교해도 2% 더 많았습니다.이에 맞춰 국내 가전업체들도 저마다 새로운 기술을 도입하며 경쟁에 나섰습니다.LG전자는 공기청정 기능에 '자외선 살균' 기능을 추가했습니다.[김주현/LG전자 베스트샵 매니저]""최근에 미세먼지가 기승을 부리면서 과거보다 찾는 분이 훨씬 많아졌어요. 공기질에 맞춰서 적절하게 청정을 해주는 기능과 그다음에 흡기한 공기들을 UV로 살균을 해서 깨끗한 공기로 내보내 주는 기능들이…""삼성전자는 'AI' 기능을 업그레이드 하면서 10분마다 자동으로 공기질을 분석하고 맞춤 관리하도록 했습니다.이 밖에도 위닉스, 교원웰스 등 기타 공기청정기 업체들도 소비자들의 선택을 받기 위해 차별화에 열을 올리고 있습니다.전문가들은 공기청정기를 사용하더라도 실내 미세먼지 양을 줄이려면 잠깐씩이라도 환기해야 한다고 조언합니다.특히 집안에서 음식을 요리하거나, 청소기를 밀 때, 또 이불을 정리하고 나서는 반드시 환기할 것을 권하고 있습니다.MBC뉴스 정혜인입니다.MBC 뉴스는 24시간 여러분의 제보를 기다립니다. ▷ 전화 02-784-4000▷ 이메일 mbcjebo@mbc.co.kr▷ 카카오톡 @mbc제보
]"
